Full Name,Email,Phone,Join Date,Region,Status,Notes
  JOHN CABRERA ,youngcraig @ yahoo.com ,518 - 910 - 8965x175,2024-06-27,West,Contacted,Generation hundred still. 🚀
Jacob Harvey,ashleywong@bailey.net,028-603-7149x175,2025-03-27,East,New,According try statement write.
Lynn Owen,marcus41@gmail.com,(569)079-4850x57388,2024-06-10,West,New,Base toward challenge return after.
Jeffrey Hernandez,nfrye@wood.info,001-095-914-5724x95854,2024-09-30,East,Contacted,Interview single I person.
Robert Taylor,youngkimberly@alexander-smith.com,587.973.0197x9580,2024-12-08,South,New,See along lead job task drop argue.
Chris Mills,stephenpierce@frederick.info,001-596-451-0250x56897,2025-05-16,North,Customer,Could light beat good support.
Jerry Gilbert,rogerstodd@horton.com,146-978-5913x98386,2024-06-06,North,Qualified,Article TV way late.
  JACQUELINE WATERS ,matthew76 @ pruitt-downs.biz ,(884)710 - 0952x531,2024-12-20,East,Qualified,Goal finally guy couple debate poor. 🚀
Anne Wright,uboyd@carney.com,556.203.4879x052,2024-08-06,East,Customer,Heavy ask ok especially matter discuss.
Marcus Harmon,vrussell@smith.net,+1-947-536-8055x435,2024-07-11,North,Qualified,Modern up course treat ever.
Mary Woods,holly72@gmail.com,(350)805-0849,2024-08-06,South,New,Investment add especially college to stage particular.
James Hudson II,melissadavis@stewart.com,018.068.5852x8261,2025-04-11,North,Contacted,Resource base several across reach that agreement.
Erin Williams,jenkinseric@martinez.com,966.888.3835x427,2024-06-16,West,Lost,Response sit theory week cold computer.
Diane Martinez,davisdavid@hotmail.com,017.101.0780,2024-07-06,South,Qualified,Help decision purpose force born smile.
  ELIZABETH HILL ,bcoleman @ yahoo.com ,317 - 595 - 5287x4760,2024-11-03,North,Customer,Different yes decision onto must production. 🚀
Chad Murray,reynoldsstephanie@hotmail.com,095-955-1761x40414,2024-09-30,North,Lost,Much authority past air they.
Bryan Rodriguez,gwarren@owen.org,8816079909,2024-11-28,West,Customer,Name everybody loss attorney require laugh me.
Richard Baxter,victoria66@garrett.com,+1-842-339-0036x16007,2024-12-02,East,Contacted,Ability suddenly teacher imagine during.
Rachel Scott,kellymarie@medina-bryan.com,(346)956-6238,2025-04-21,West,New,Treatment stock bed main.
Ellen Anderson,gregorymendoza@gmail.com,716.528.9557x142,2025-05-09,South,Customer,Big position win.
Nancy Pham DVM,ryan38@mitchell.info,+1-802-705-1243,2024-07-12,West,New,Election indeed condition bit travel theory.
  GARY ROMERO ,kevinmcmahon @ whitaker.com ,+1 - 515 - 835 - 3339x5632,2024-09-01,South,Contacted,Sound office change present its sign. 🚀
Alyssa Murphy,tmolina@buck-ross.biz,001-270-129-5243x39995,2025-04-14,East,New,Exactly money make he send value fall.
Carol Taylor,twilcox@nelson-smith.info,396-780-4090,2025-04-03,North,Qualified,Nature grow major affect.
Stacey Martin,garypowers@castillo.org,001-218-545-9251x669,2025-05-24,East,Qualified,Decade store box somebody.
Teresa Kelly,ayalarichard@taylor.info,+1-868-202-6778x984,2025-05-09,South,Customer,Speech apply clear wife improve live.
Benjamin Armstrong,carolyn95@hotmail.com,+1-141-039-5273x541,2024-08-14,North,Qualified,Political under five century certain American author another.
Randy Henderson,npeters@tapia.com,474-291-3200x42876,2024-06-19,North,Customer,Development different long international police.
  PAULA SCHMITT ,ianmitchell @ roberson.org ,0965784867,2025-02-04,West,Customer,Meet the really growth practice. 🚀
Mark Gray,stacy33@white.info,+1-573-967-4775x472,2025-02-15,West,New,Remain different could.
Dylan Davis,patricia46@gmail.com,438-268-1686x039,2025-02-12,East,Lost,Trouble ball lay state Mrs ground receive white.
Madison Smith,frederick79@hotmail.com,908-718-7880x600,2025-04-15,North,New,Base brother against the at.
Angela Rice,jacob56@yahoo.com,981.652.4125,2024-12-24,West,Qualified,Ready but interest list.
Victoria Singh,mitchell11@ramirez.com,545.462.3593,2025-03-07,North,Customer,Significant three stock free letter.
Brandon Anderson,john70@tucker.com,935-677-8143,2025-04-03,South,Qualified,Fear act treatment account.
  KIRK SULLIVAN ,nbrown @ anderson.com ,4648246306,2025-02-10,North,New,Finish use building. 🚀
Brenda Mcmahon,davismisty@yahoo.com,734.167.9751x583,2025-04-02,South,Customer,May trial program.
Brooke Steele,carolsloan@gmail.com,+1-528-007-4021,2024-12-19,East,Customer,Run law morning pattern determine want democratic red.
Rhonda Vasquez,gbowman@yahoo.com,001-042-318-1738,2024-11-27,North,Contacted,Involve later rule support tough after relationship.
Matthew Gray,amydavid@yahoo.com,001-433-483-8583,2024-10-01,East,Lost,Pay during since miss hundred often protect.
Alyssa Chapman,gblevins@hotmail.com,+1-932-962-6445x2208,2025-03-12,West,Qualified,Stage coach audience least.
Arthur Beck,matthewlewis@cortez-garcia.com,(816)081-9289,2025-01-05,West,Customer,Too still agency investment boy staff strategy choice.
  HANNAH POTTER ,marystein @ ford.com ,811 - 186 - 7169x76140,2024-09-22,West,Lost,Adult like day both bill. 🚀
Daniel Smith,rherring@mccarty.com,6820786340,2024-07-26,West,Customer,During here series house small.
Kenneth Smith,bobbyelliott@gmail.com,001-949-911-3249x40326,2024-12-14,North,Contacted,Southern live author bit green identify protect.
Daniel Moore,thomasgonzalez@hotmail.com,299.309.3210,2024-08-09,East,Lost,Fear add walk.
Logan Costa,evance@hotmail.com,001-051-387-7747,2024-09-19,West,New,Low culture them stand talk probably style.
Kevin Baker,robert69@decker-wright.com,+1-393-363-3961x12618,2024-10-19,East,Contacted,Southern call go option maybe.
Karen Wells,margaret31@smith-johnson.biz,001-040-761-2943,2024-11-23,East,Qualified,Trip note national technology gas road.
  ALICIA AYALA ,jessedixon @ gmail.com ,(810)864 - 0411,2025-02-08,East,New,Open card general about that physical I still. 🚀
